patient_id,gender,birth_date,n_administrations,atc_codes
9be02ab7a5f4dd923a7ec9704457268f,male,1958-02,3,"C07AB02,B01AB01,C10AA05"
3a6e0f510a7f7367667a71a4f29b4d40,female,1968-09,3,"L01XA03,L01BC02,N02BB02"
c872d8720e9b514cfd28039567d5de0f,male,1975-11,2,"A02BC02,J01CA04"
c52f749227aecb7c5860fdf2afe4c2d5,female,1981-12,2,"N02BE01,G03AA07"
ac0351e53abf017a11c8fe784d377439,male,1969-09,2,"N03AX11,N02CC01"
9648875b032b184232ade81f7ef95f59,male,1962,2,"L01XA01,A02BC01"
4c90911a0e5fd3e4a031df4450c09c8f,male,1977-05,2,J01XA04
2bb7917eb218f41eb118d42720dec269,female,1985-03,2,"L02AE02,M01AE01"
27e264cd238a0e73b2fced085731bea8,female,1992-07,2,"J01CR02,R03AC02"
